{"cameraMode":{"drawMode":0,"name":"Shaded","section":"Shading Mode"},"sceneLighting":true,"audioPlay":false,"sceneViewState":{"showFog":true,"showMaterialUpdate":false,"showSkybox":true,"showFlares":true,"showImageEffects":true,"showParticleSystems":true},"in2DMode":false,"pivot":{"x":386.2203674316406,"y":229.42996215820313,"z":8.450429916381836},"rotation":{"x":-0.015308938920497895,"y":0.002097261603921652,"z":-0.00003181292049703188,"w":-0.9998811483383179},"size":211.34353637695313,"orthographic":false}