{"cameraMode":{"drawMode":0,"name":"Shaded","section":"Shading Mode"},"sceneLighting":true,"audioPlay":false,"sceneViewState":{"showFog":true,"showMaterialUpdate":false,"showSkybox":true,"showFlares":true,"showImageEffects":true,"showParticleSystems":true},"in2DMode":false,"pivot":{"x":2.1305384635925295,"y":2.634636640548706,"z":-4.670563697814941},"rotation":{"x":-0.22370359301567079,"y":0.7042587995529175,"z":-0.2521452009677887,"w":-0.6248199343681336},"size":4.520020961761475,"orthographic":false}